8000,Luciana,Rodriguez,1080000001,M,55
8001,Luciana, Gomez,1080000011,M,13
8002,Luciana,Lopez,1080000021,M,75
8003,Luciana,Gonzalez,1080000031,M,95
8004,Luciana, Garcia,1080000041,M,13
8005,Luciana,Martinez,1080000051,M,23
8006,Luciana, Ramirez,1080000061,M,22
8007,Luciana, Sanchez,1080000071,M,25
8008,Luciana, Hernandez,1080000081,M,15
8009,Luciana, Diaz,1080000091,M,55
8010,Luciana,Perez,1080000101,M,44
8011, Santiago,Rodriguez,1080000111,H,69
8012, Santiago, Gomez,1080000121,H,31
8013, Santiago,Lopez,1080000131,H,51
8014, Santiago,Gonzalez,1080000141,H,65
8015, Santiago, Garcia,1080000151,H,15
8016, Santiago,Martinez,1080000161,H,65
8017, Santiago, Ramirez,1080000171,H,33
8018, Santiago, Sanchez,1080000181,H,92
8019, Santiago, Hernandez,1080000191,H,37
8020, Santiago, Diaz,1080000201,H,46
8021, Santiago,Perez,1080000211,H,42
8022, Maria Jose,Rodriguez,1080000221,M,91
8023, Maria Jose, Gomez,1080000231,M,7
8024, Maria Jose,Lopez,1080000241,M,25
8025, Maria Jose,Gonzalez,1080000251,M,11
8026, Maria Jose, Garcia,1080000261,M,25
8027, Maria Jose,Martinez,1080000271,M,80
8028, Maria Jose, Ramirez,1080000281,M,81
8029, Maria Jose, Sanchez,1080000291,M,44
8030, Maria Jose, Hernandez,1080000301,M,39
8031, Maria Jose, Diaz,1080000311,M,26
8032, Maria Jose,Perez,1080000321,M,91
8033, Juan Jose,Rodriguez,1080000331,H,85
8034, Juan Jose, Gomez,1080000341,H,90
8035, Juan Jose,Lopez,1080000351,H,16
8036, Juan Jose,Gonzalez,1080000361,H,39
8037, Juan Jose, Garcia,1080000371,H,68
8038, Juan Jose,Martinez,1080000381,H,77
8039, Juan Jose, Ramirez,1080000391,H,29
8040, Juan Jose, Sanchez,1080000401,H,96
8041, Juan Jose, Hernandez,1080000411,H,64
8042, Juan Jose, Diaz,1080000421,H,23
8043, Juan Jose,Perez,1080000431,H,7
8044, Isabella,Rodriguez,1080000441,M,39
8045, Isabella, Gomez,1080000451,M,42
8046, Isabella,Lopez,1080000461,M,24
8047, Isabella,Gonzalez,1080000471,M,25
8048, Isabella, Garcia,1080000481,M,81
8049, Isabella,Martinez,1080000491,M,20
8050, Isabella, Ramirez,1080000501,M,79
8051, Isabella, Sanchez,1080000511,M,31
8052, Isabella, Hernandez,1080000521,M,41
8053, Isabella, Diaz,1080000531,M,94
8054, Isabella,Perez,1080000541,M,56
8055, Salome,Rodriguez,1080000551,M,16
8056, Salome, Gomez,1080000561,M,95
8057, Salome,Lopez,1080000571,M,45
8058, Salome,Gonzalez,1080000581,M,46
8059, Salome, Garcia,1080000591,M,95
8060, Salome,Martinez,1080000601,M,14
8061, Salome, Ramirez,1080000611,M,16
8062, Salome, Sanchez,1080000621,M,59
8063, Salome, Hernandez,1080000631,M,39
8064, Salome, Diaz,1080000641,M,8
8065, Salome,Perez,1080000651,M,62
8066, Antonella,Rodriguez,1080000661,M,31
8067, Antonella, Gomez,1080000671,M,46
8068, Antonella,Lopez,1080000681,M,99
8069, Antonella,Gonzalez,1080000691,M,91
8070, Antonella, Garcia,1080000701,M,84
8071, Antonella,Martinez,1080000711,M,21
8072, Antonella, Ramirez,1080000721,M,25
8073, Antonella, Sanchez,1080000731,M,59
8074, Antonella, Hernandez,1080000741,M,97
8075, Antonella, Diaz,1080000751,M,8
8076, Antonella,Perez,1080000761,M,73
8077,Jeronimo,Rodriguez,1080000771,H,9
8078,Jeronimo, Gomez,1080000781,H,27
8079,Jeronimo,Lopez,1080000791,H,77
8080,Jeronimo,Gonzalez,1080000801,H,50
8081,Jeronimo, Garcia,1080000811,H,65
8082,Jeronimo,Martinez,1080000821,H,28
8083,Jeronimo, Ramirez,1080000831,H,82
8084,Jeronimo, Sanchez,1080000841,H,28
8085,Jeronimo, Hernandez,1080000851,H,56
8086,Jeronimo, Diaz,1080000861,H,30
8087,Jeronimo,Perez,1080000871,H,55
8088, Emmanuel,Rodriguez,1080000881,H,38
8089, Emmanuel, Gomez,1080000891,H,23
8090, Emmanuel,Lopez,1080000901,H,68
8091, Emmanuel,Gonzalez,1080000911,H,84
8092, Emmanuel, Garcia,1080000921,H,68
8093, Emmanuel,Martinez,1080000931,H,85
8094, Emmanuel, Ramirez,1080000941,H,31
8095, Emmanuel, Sanchez,1080000951,H,69
8096, Emmanuel, Hernandez,1080000961,H,78
8097, Emmanuel, Diaz,1080000971,H,34
8098, Emmanuel,Perez,1080000981,H,29
8099,Emiliano,Rodriguez,1080000991,H,90
8100,Emiliano, Gomez,1080001001,H,41
8101,Emiliano,Lopez,1080001011,H,14
8102,Emiliano,Gonzalez,1080001021,H,30
8103,Emiliano, Garcia,1080001031,H,37
8104,Emiliano,Martinez,1080001041,H,88
8105,Emiliano, Ramirez,1080001051,H,7
8106,Emiliano, Sanchez,1080001061,H,79
8107,Emiliano, Hernandez,1080001071,H,94
8108,Emiliano, Diaz,1080001081,H,46
8109,Emiliano,Perez,1080001091,H,65
